Activity Type,Date,Favorite,Title,Distance,Calories,Time,Avg HR,Max HR,Avg Run Cadence,Max Run Cadence,Avg Speed,Max Speed,Total Ascent,Total Descent,Avg Stride Length,Avg Vertical Ratio,Avg Vertical Oscillation,Avg Ground Contact Time,Avg Bike Cadence,Max Bike Cadence,Training Stress ScoreÂ®,Avg Power,Max Power,Grit,Flow,Avg. Swolf,Avg Stroke Rate,Total Reps,Dive Time,Min Temp,Surface Interval,Decompression,Best Lap Time,Number of Laps,Max Temp,Moving Time,Elapsed Time,Min Elevation,Max Elevation
Cardio,2022-09-09 12:30:39,false,"Cardio","0.00","169","00:32:56","105","153","0","0","--","--","--","--","0.00","0.0","0.0","0","0","0","0.0","0","0","0.0","0.0","0","0","0","0:00","0.0","0:00","No","32:56.05","1","0.0","00:00:00","00:32:56","114","127"
Cardio,2022-09-07 10:24:36,false,"Cardio","0.00","143","00:28:04","104","132","0","0","--","--","--","--","0.00","0.0","0.0","0","0","0","0.0","0","0","0.0","0.0","0","0","0","0:00","0.0","0:00","No","28:04.35.5","1","0.0","00:00:00","00:28:04","33","33"
Cycling,2022-09-03 10:06:22,false,"Folsom Cycling","19.02","984","01:34:56","157","185","0","0","12.0","26.4","548","1,214","0.00","0.0","0.0","0","0","0","0.0","0","0","0.0","0.0","0","0","0","0:00","0.0","0:00","No","19:58.85","4","0.0","01:28:37","01:34:56","-127","208"
Cardio,2022-09-02 13:23:30,false,"Cardio","0.00","314","00:39:54","132","165","0","0","--","--","--","--","0.00","0.0","0.0","0","0","0","0.0","0","0","0.0","0.0","0","0","0","0:00","0.0","0:00","No","39:54.44","1","0.0","00:00:00","00:39:54","617","617"
Cardio,2022-09-01 12:59:17,false,"Cardio","0.00","259","00:28:02","140","163","0","0","--","--","--","--","0.00","0.0","0.0","0","0","0","0.0","0","0","0.0","0.0","0","0","0","0:00","0.0","0:00","No","28:02.22.3","1","0.0","00:00:00","00:28:02","615","628"
Cardio,2022-08-31 12:12:29,false,"Cardio","0.00","189","00:22:54","131","161","0","0","--","--","--","--","0.00","0.0","0.0","0","0","0","0.0","0","0","0.0","0.0","0","0","0","0:00","0.0","0:00","No","22:53.92","1","0.0","00:00:00","00:22:54","551","552"
Cardio,2022-08-30 13:10:06,false,"Cardio","0.00","268","00:31:49","138","176","0","0","--","--","--","--","0.00","0.0","0.0","0","0","0","0.0","0","0","0.0","0.0","0","0","0","0:00","0.0","0:00","No","31:49.23.3","1","0.0","00:00:00","00:31:49","566","568"
Cycling,2022-08-28 12:24:32,false,"South Lake Tahoe Cycling","4.58","302","00:38:16","129","155","0","0","7.2","16.4","131","72","0.00","0.0","0.0","0","0","0","0.0","0","0","0.0","0.0","0","0","0","0:00","0.0","0:00","No","38:16.15.8","1","0.0","00:35:38","00:38:16","6,208","6,249"
Cycling,2022-08-28 10:58:12,false,"South Lake Tahoe Cycling","2.08","114","00:16:03","121","140","0","0","7.8","16.6","46","138","0.00","0.0","0.0","0","0","0","0.0","0","0","0.0","0.0","0","0","0","0:00","0.0","0:00","No","16:03.13.5","1","0.0","00:14:52","00:20:15","6,193","6,230"
Cycling,2022-08-28 09:02:05,false,"El Dorado County Cycling","2.58","550","01:17:39","137","180","0","0","2.0","12.1","965","640","0.00","0.0","0.0","0","0","0","0.0","0","0","0.0","0.0","0","0","0","0:00","0.0","0:00","No","01:17:39.13.6","1","0.0","00:27:13","01:17:39","6,574","7,171"
Cardio,2022-08-25 11:50:28,false,"Cardio","0.00","282","00:31:21","140","165","0","0","--","--","--","--","0.00","0.0","0.0","0","0","0","0.0","0","0","0.0","0.0","0","0","0","0:00","0.0","0:00","No","31:20.87.3","1","0.0","00:00:00","00:31:21","232","232"
Cardio,2022-08-09 12:09:00,false,"Cardio","0.00","233","00:33:53","122","150","0","0","--","--","--","--","0.00","0.0","0.0","0","0","0","0.0","0","0","0.0","0.0","0","0","0","0:00","0.0","0:00","No","33:53.42.3","1","0.0","00:00:00","00:33:53","348","352"
Cardio,2022-08-08 11:41:49,false,"Cardio","0.00","218","00:29:55","127","158","0","0","--","--","--","--","0.00","0.0","0.0","0","0","0","0.0","0","0","0.0","0.0","0","0","0","0:00","0.0","0:00","No","29:55.19.2","1","0.0","00:00:00","00:36:37","348","358"
Cycling,2022-08-07 09:17:39,false,"Folsom Cycling","20.74","898","01:40:41","150","177","0","0","12.4","26.3","732","715","0.00","0.0","0.0","0","0","0","0.0","0","0","0.0","0.0","0","0","0","0:00","0.0","0:00","No","05:00.45.3","5","0.0","01:36:07","01:40:41","200","557"
Cycling,2022-08-05 11:46:07,false,"Folsom Cycling","13.16","589","01:00:50","150","176","0","0","13.0","24.5","322","269","0.00","0.0","0.0","0","0","0","0.0","0","0","0.0","0.0","0","0","0","0:00","0.0","0:00","No","16:55.75.2","3","0.0","00:57:17","01:00:50","182","247"
Cardio,2022-08-04 12:22:21,false,"Cardio","0.00","226","00:26:48","139","164","0","0","--","--","--","--","0.00","0.0","0.0","0","0","0","0.0","0","0","0.0","0.0","0","0","0","0:00","0.0","0:00","No","26:48.01.5","1","0.0","00:00:00","00:26:48","186","186"
Walking,2022-08-03 11:14:45,false,"Folsom Walking","4.88","327","00:30:05","164","190","3","108","6:10","2:56","164","79","44.60","0.0","0.0","0","0","0","0.0","0","0","0.0","0.0","0","0","0","0:00","0.0","0:00","No","03:50.15.1","5","0.0","00:22:41","00:30:05","113","209"
Cardio,2022-08-02 12:12:34,false,"Cardio","0.00","269","00:31:56","136","172","0","0","--","--","--","--","0.00","0.0","0.0","0","0","0","0.0","0","0","0.0","0.0","0","0","0","0:00","0.0","0:00","No","31:55.82.1","1","0.0","00:00:00","00:31:56","193","193"
Cardio,2022-07-31 14:34:32,false,"Cardio","0.00","207","00:29:05","124","146","0","0","--","--","--","--","0.00","0.0","0.0","0","0","0","0.0","0","0","0.0","0.0","0","0","0","0:00","0.0","0:00","No","29:05.01.1","1","0.0","00:00:00","00:29:05","122","123"
Cardio,2022-07-28 12:40:39,false,"Cardio","0.00","228","00:25:42","140","165","0","0","--","--","--","--","0.00","0.0","0.0","0","0","0","0.0","0","0","0.0","0.0","0","0","0","0:00","0.0","0:00","No","25:41.74.1","1","0.0","00:00:00","00:25:42","120","120"
Cardio,2022-07-25 12:21:01,false,"Cardio","0.00","209","00:31:54","119","156","0","0","--","--","--","--","0.00","0.0","0.0","0","0","0","0.0","0","0","0.0","0.0","0","0","0","0:00","0.0","0:00","No","31:54.26.4","1","0.0","00:00:00","00:31:54","232","232"
Cycling,2022-07-23 08:56:06,false,"Folsom Cycling","38.56","1,502","03:09:41","142","180","0","0","12.2","21.9","518","574","0.00","0.0","0.0","0","0","0","0.0","0","0","0.0","0.0","0","0","0","0:00","0.0","0:00","No","19:10.10.8","8","0.0","02:52:48","03:09:41","24","194"
Cardio,2022-07-22 11:34:39,false,"Cardio","0.00","273","00:31:51","136","166","0","0","--","--","--","--","0.00","0.0","0.0","0","0","0","0.0","0","0","0.0","0.0","0","0","0","0:00","0.0","0:00","No","31:50.83.7","1","0.0","00:00:00","00:31:51","232","241"
Cardio,2022-07-21 11:37:11,false,"Cardio","0.00","247","00:27:39","140","176","0","0","--","--","--","--","0.00","0.0","0.0","0","0","0","0.0","0","0","0.0","0.0","0","0","0","0:00","0.0","0:00","No","27:39.16.7","1","0.0","00:00:00","00:27:39","184","184"
Cycling,2022-07-20 08:23:24,false,"Folsom Cycling","10.59","507","00:52:04","150","180","0","0","12.2","24.9","492","692","0.00","0.0","0.0","0","0","0","0.0","0","0","0.0","0.0","0","0","0","0:00","0.0","0:00","No","03:39.15.4","3","0.0","00:49:43","00:52:04","131","465"
Cardio,2022-07-19 11:59:36,false,"Cardio","0.00","248","00:26:47","143","166","0","0","--","--","--","--","0.00","0.0","0.0","0","0","0","0.0","0","0","0.0","0.0","0","0","0","0:00","0.0","0:00","No","26:47.34","1","0.0","00:00:00","00:26:47","556","556"
Walking,2022-07-15 08:16:39,false,"El Dorado County Walking","4.57","537","01:49:40","115","157","88","249","24:01","11:35","571","548","0.77","0.0","0.0","0","0","0","0.0","0","0","0.0","0.0","0","0","0","0:00","0.0","0:00","No","14:58.32.2","5","0.0","01:38:58","01:49:40","6,525","6,922"
Walking,2022-07-14 09:35:47,false,"El Dorado County Walking","3.03","324","01:07:35","115","147","82","216","22:18","1:53","226","138","0.88","0.0","0.0","0","0","0","0.0","0","0","0.0","0.0","0","0","0","0:00","0.0","0:00","No","00:03.81.1","4","0.0","00:59:59","01:07:35","6,272","6,346"
Cardio,2022-07-12 11:40:09,false,"Cardio","0.00","264","00:26:20","147","177","0","0","--","--","--","--","0.00","0.0","0.0","0","0","0","0.0","0","0","0.0","0.0","0","0","0","0:00","0.0","0:00","No","26:20.33.3","1","0.0","00:00:00","00:26:20","493","493"
Walking,2022-07-10 08:11:46,false,"Folsom Walking","1.75","275","00:27:09","150","185","139","178","15:33","2:58","82","75","0.74","0.0","0.0","0","0","0","0.0","0","0","0.0","0.0","0","0","0","0:00","0.0","0:00","No","13:27.30.4","2","0.0","00:23:51","00:27:09","289","362"
Cardio,2022-07-08 12:11:35,false,"Cardio","0.00","287","00:30:27","144","167","0","0","--","--","--","--","0.00","0.0","0.0","0","0","0","0.0","0","0","0.0","0.0","0","0","0","0:00","0.0","0:00","No","30:27.02","1","0.0","00:00:00","00:30:27","329","343"
Cardio,2022-07-07 12:18:15,false,"Cardio","0.00","212","00:28:44","127","162","0","0","--","--","--","--","0.00","0.0","0.0","0","0","0","0.0","0","0","0.0","0.0","0","0","0","0:00","0.0","0:00","No","28:44.31.7","1","0.0","00:00:00","00:28:44","312","325"
Cardio,2022-07-06 12:21:48,false,"Cardio","0.00","202","00:21:17","142","162","0","0","--","--","--","--","0.00","0.0","0.0","0","0","0","0.0","0","0","0.0","0.0","0","0","0","0:00","0.0","0:00","No","21:16.81","1","0.0","00:00:00","00:21:17","305","314"
Walking,2022-07-03 08:18:03,false,"Placer County Walking","4.45","755","02:39:19","119","154","57","209","35:49","17:44","305","1,355","0.79","0.0","0.0","0","0","0","0.0","0","0","0.0","0.0","0","0","0","0:00","0.0","0:00","No","17:00.84.1","5","0.0","01:57:25","02:39:19","5,726","6,799"
Walking,2022-07-02 13:29:17,false,"Placer County Walking","2.20","549","01:09:17","138","156","69","224","31:29","20:41","328","167","0.74","0.0","0.0","0","0","0","0.0","0","0","0.0","0.0","0","0","0","0:00","0.0","0:00","No","07:32.66.2","3","0.0","00:59:26","01:09:17","6,745","6,914"
Walking,2022-07-02 10:12:10,false,"Placer County Walking","4.05","1,126","02:42:11","139","166","60","243","40:02","16:37","1,509","390","0.68","0.0","0.0","0","0","0","0.0","0","0","0.0","0.0","0","0","0","0:00","0.0","0:00","No","02:36.57.6","5","0.0","01:53:00","02:42:11","5,787","6,791"
Cardio,2022-06-29 12:15:50,false,"Cardio","0.00","279","00:30:38","139","163","0","0","--","--","--","--","0.00","0.0","0.0","0","0","0","0.0","0","0","0.0","0.0","0","0","0","0:00","0.0","0:00","No","30:38.19.3","1","0.0","00:00:00","00:30:38","223","223"
Walking,2022-06-29 06:50:07,false,"Folsom Walking","1.36","227","00:29:46","128","151","99","244","21:48","8:56","56","256","0.75","0.0","0.0","0","0","0","0.0","0","0","0.0","0.0","0","0","0","0:00","0.0","0:00","No","08:27.60.2","2","0.0","00:21:47","00:29:46","215","260"
Cardio,2022-06-28 12:19:15,false,"Cardio","0.00","180","00:20:51","134","162","0","0","--","--","--","--","0.00","0.0","0.0","0","0","0","0.0","0","0","0.0","0.0","0","0","0","0:00","0.0","0:00","No","20:51.07.4","1","0.0","00:00:00","00:20:51","403","403"
Cardio,2022-06-27 08:51:33,false,"Cardio","0.00","260","00:30:21","134","158","0","0","--","--","--","--","0.00","0.0","0.0","0","0","0","0.0","0","0","0.0","0.0","0","0","0","0:00","0.0","0:00","No","30:20.70.7","1","0.0","00:00:00","00:30:21","383","383"
Walking,2022-06-26 09:13:10,false,"Placer County Walking","3.01","330","01:15:05","110","127","78","239","24:57","4:10","66","699","0.83","0.0","0.0","0","0","0","0.0","0","0","0.0","0.0","0","0","0","0:00","0.0","0:00","No","00:05.42.6","4","0.0","01:00:23","01:40:53","278","832"
Walking,2022-06-20 15:30:17,false,"El Dorado County Walking","2.63","333","01:13:06","112","147","78","168","27:46","1:32","253","217","0.75","0.0","0.0","0","0","0","0.0","0","0","0.0","0.0","0","0","0","0:00","0.0","0:00","No","16:37.08.5","3","0.0","00:59:11","01:13:06","6,255","6,396"
Cycling,2022-06-19 11:31:00,false,"El Dorado County Cycling","8.08","948","02:05:07","146","178","0","0","3.9","22.1","1,437","1,352","0.00","0.0","0.0","0","0","0","0.0","0","0","0.0","0.0","0","0","0","0:00","0.0","0:00","No","24:22.70.3","2","0.0","01:28:16","02:05:07","6,360","7,666"
Walking,2022-06-18 09:49:33,false,"El Dorado County Walking","7.66","1,261","03:51:45","120","166","78","248","30:16","12:14","1,565","1,450","0.68","0.0","0.0","0","0","0","0.0","0","0","0.0","0.0","0","0","0","0:00","0.0","0:00","No","15:40.23.7","8","0.0","03:09:35","03:51:45","6,595","7,875"
Cardio,2022-06-15 12:21:13,false,"Cardio","0.00","203","00:21:09","144","177","0","0","--","--","--","--","0.00","0.0","0.0","0","0","0","0.0","0","0","0.0","0.0","0","0","0","0:00","0.0","0:00","No","21:08.52.5","1","0.0","00:00:00","00:21:09","246","246"
Cardio,2022-06-14 11:50:29,false,"Cardio","0.00","275","00:46:45","118","157","0","0","--","--","--","--","0.00","0.0","0.0","0","0","0","0.0","0","0","0.0","0.0","0","0","0","0:00","0.0","0:00","No","46:44.94.7","1","0.0","00:00:00","00:46:45","194","209"
Cardio,2022-06-13 14:09:43,false,"Cardio","0.00","118","00:17:59","117","148","0","0","--","--","--","--","0.00","0.0","0.0","0","0","0","0.0","0","0","0.0","0.0","0","0","0","0:00","0.0","0:00","No","17:59.40.6","1","0.0","00:00:00","00:17:59","161","164"
Walking,2022-06-10 07:20:48,false,"Jackson County Walking","0.63","81","00:16:30","109","131","86","234","26:09","19:18","157","33","0.72","0.0","0.0","0","0","0","0.0","0","0","0.0","0.0","0","0","0","0:00","0.0","0:00","No","16:30.30.2","1","0.0","00:15:19","00:16:30","1,175","1,290"
Cardio,2022-06-08 15:32:23,false,"Cardio","0.00","199","00:20:50","144","172","0","0","--","--","--","--","0.00","0.0","0.0","0","0","0","0.0","0","0","0.0","0.0","0","0","0","0:00","0.0","0:00","No","20:49.65.7","1","0.0","00:00:00","00:20:50","283","283"
Cardio,2022-06-07 12:31:50,false,"Cardio","0.00","292","00:35:47","134","167","0","0","--","--","--","--","0.00","0.0","0.0","0","0","0","0.0","0","0","0.0","0.0","0","0","0","0:00","0.0","0:00","No","35:46.76.3","1","0.0","00:00:00","00:35:47","215","217"
Cardio,2022-06-06 12:30:10,false,"Cardio","0.00","221","00:21:08","154","172","0","0","--","--","--","--","0.00","0.0","0.0","0","0","0","0.0","0","0","0.0","0.0","0","0","0","0:00","0.0","0:00","No","21:08.43.5","1","0.0","00:00:00","00:21:08","219","219"
Cardio,2022-06-05 13:10:08,false,"Cardio","0.00","296","00:30:25","144","166","0","0","--","--","--","--","0.00","0.0","0.0","0","0","0","0.0","0","0","0.0","0.0","0","0","0","0:00","0.0","0:00","No","30:25.18.7","1","0.0","00:00:00","00:30:25","203","211"
Walking,2022-06-04 07:51:18,false,"Folsom Walking","2.29","250","00:51:37","106","128","83","141","22:35","11:09","223","72","0.86","0.0","0.0","0","0","0","0.0","0","0","0.0","0.0","0","0","0","0:00","0.0","0:00","No","06:38.80.4","3","0.0","00:43:09","00:51:37","234","306"
Walking,2022-06-02 07:52:57,false,"Folsom Walking","1.27","143","00:23:46","117","137","90","186","18:42","7:46","36","98","0.95","0.0","0.0","0","0","0","0.0","0","0","0.0","0.0","0","0","0","0:00","0.0","0:00","No","05:53.00.3","2","0.0","00:21:27","00:23:46","157","193"
Cardio,2022-06-01 12:27:03,false,"Cardio","0.00","223","00:30:13","124","151","0","0","--","--","--","--","0.00","0.0","0.0","0","0","0","0.0","0","0","0.0","0.0","0","0","0","0:00","0.0","0:00","No","30:12.53.2","1","0.0","00:00:00","00:30:13","249","249"
Cardio,2022-05-31 13:05:24,false,"Cardio","0.00","252","00:29:06","134","159","0","0","--","--","--","--","0.00","0.0","0.0","0","0","0","0.0","0","0","0.0","0.0","0","0","0","0:00","0.0","0:00","No","29:06.10.4","1","0.0","00:00:00","00:29:06","256","263"
Walking,2022-05-31 08:02:55,false,"Folsom Walking","1.27","151","00:22:20","122","162","104","191","17:38","8:56","164","30","0.88","0.0","0.0","0","0","0","0.0","0","0","0.0","0.0","0","0","0","0:00","0.0","0:00","No","06:37.00.6","2","0.0","00:19:23","00:22:20","241","273"
Walking,2022-05-30 08:09:14,false,"Folsom Walking","2.26","211","00:39:29","106","123","116","246","17:28","13:42","69","98","0.80","0.0","0.0","0","0","0","0.0","0","0","0.0","0.0","0","0","0","0:00","0.0","0:00","No","04:18.75.5","3","0.0","00:39:10","00:39:29","119","196"
Walking,2022-05-29 07:49:30,false,"Folsom Walking","1.75","181","00:29:39","118","140","113","249","16:55","6:26","79","79","0.84","0.0","0.0","0","0","0","0.0","0","0","0.0","0.0","0","0","0","0:00","0.0","0:00","No","11:59.67.9","2","0.0","00:27:45","00:29:39","148","228"
Cardio,2022-05-27 12:34:37,false,"Cardio","0.00","201","00:23:37","131","170","0","0","--","--","--","--","0.00","0.0","0.0","0","0","0","0.0","0","0","0.0","0.0","0","0","0","0:00","0.0","0:00","No","23:37.18.1","1","0.0","00:00:00","00:23:37","234","234"
Walking,2022-05-27 09:14:51,false,"Folsom Walking","1.44","212","00:39:32","115","172","52","173","27:22","4:24","43","131","1.63","0.0","0.0","0","0","0","0.0","0","0","0.0","0.0","0","0","0","0:00","0.0","0:00","No","17:25.07.3","2","0.0","00:17:10","00:39:32","227","276"
Cardio,2022-05-26 12:37:41,false,"Cardio","0.00","200","00:20:57","142","169","0","0","--","--","--","--","0.00","0.0","0.0","0","0","0","0.0","0","0","0.0","0.0","0","0","0","0:00","0.0","0:00","No","20:57.13.6","1","0.0","00:00:00","00:20:57","358","358"
Cardio,2022-05-25 12:00:06,false,"Cardio","0.00","244","00:34:24","122","150","0","0","--","--","--","--","0.00","0.0","0.0","0","0","0","0.0","0","0","0.0","0.0","0","0","0","0:00","0.0","0:00","No","34:23.64.9","1","0.0","00:00:00","00:34:24","375","375"
Walking,2022-05-25 07:21:16,false,"Folsom Walking","0.91","139","00:15:55","134","159","102","172","17:26","8:30","46","200","0.90","0.0","0.0","0","0","0","0.0","0","0","0.0","0.0","0","0","0","0:00","0.0","0:00","No","15:55.22.9","1","0.0","00:12:41","00:15:55","364","421"
Walking,2022-05-22 12:47:22,false,"El Dorado County Walking","1.71","220","00:43:25","116","148","80","214","25:27","15:12","200","82","0.79","0.0","0.0","0","0","0","0.0","0","0","0.0","0.0","0","0","0","0:00","0.0","0:00","No","15:52.94.2","2","0.0","00:38:02","00:43:25","6,222","6,308"
Cycling,2022-05-22 11:04:04,false,"El Dorado County Cycling","4.32","443","00:54:25","144","172","0","0","4.8","21.1","492","1,063","0.00","0.0","0.0","0","0","0","0.0","0","0","0.0","0.0","0","0","0","0:00","0.0","0:00","No","54:24.74.9","1","0.0","00:38:10","01:02:29","6,221","6,949"
Walking,2022-05-21 14:32:45,false,"El Dorado County Walking","3.93","683","01:55:12","125","159","85","243","29:19","10:18","627","928","0.64","0.0","0.0","0","0","0","0.0","0","0","0.0","0.0","0","0","0","0:00","0.0","0:00","No","25:23.33.7","4","0.0","01:41:33","01:55:12","7,416","8,192"
Walking,2022-05-21 09:16:09,false,"El Dorado County Walking","4.41","864","02:16:49","130","162","73","243","31:03","6:18","1,086","449","0.72","0.0","0.0","0","0","0","0.0","0","0","0.0","0.0","0","0","0","0:00","0.0","0:00","No","12:41.67.7","5","0.0","01:52:59","02:16:49","7,243","8,030"
Running,2022-05-20 07:37:41,false,"Folsom Running","1.27","207","00:22:35","144","172","108","241","17:43","8:56","69","30","0.84","0.0","0.0","0","0","0","0.0","0","0","0.0","0.0","0","0","0","0:00","0.0","0:00","No","05:23.93.3","2","0.0","00:18:13","00:22:35","228","301"
Cardio,2022-05-17 13:06:20,false,"Cardio","0.00","257","00:29:39","137","170","0","0","--","--","--","--","0.00","0.0","0.0","0","0","0","0.0","0","0","0.0","0.0","0","0","0","0:00","0.0","0:00","No","29:39.00.4","1","0.0","00:00:00","00:29:39","163","163"
Cardio,2022-05-16 15:23:03,false,"Cardio","0.00","233","00:30:10","128","169","0","0","--","--","--","--","0.00","0.0","0.0","0","0","0","0.0","0","0","0.0","0.0","0","0","0","0:00","0.0","0:00","No","30:09.57.2","1","0.0","00:00:00","00:32:00","207","207"
Cardio,2022-05-13 16:24:25,false,"Cardio","0.00","274","00:35:03","130","176","0","0","--","--","--","--","0.00","0.0","0.0","0","0","0","0.0","0","0","0.0","0.0","0","0","0","0:00","0.0","0:00","No","35:02.80.3","1","0.0","00:00:00","00:35:03","130","167"
Cardio,2022-05-11 11:58:48,false,"Cardio","0.00","200","00:21:16","142","166","0","0","--","--","--","--","0.00","0.0","0.0","0","0","0","0.0","0","0","0.0","0.0","0","0","0","0:00","0.0","0:00","No","21:16.23.9","1","0.0","00:00:00","00:21:16","35","79"
Cardio,2022-05-10 11:59:49,false,"Cardio","0.00","206","00:25:43","131","164","0","0","--","--","--","--","0.00","0.0","0.0","0","0","0","0.0","0","0","0.0","0.0","0","0","0","0:00","0.0","0:00","No","25:42.98.3","1","0.0","00:00:00","00:25:43","75","85"
Cardio,2022-05-09 12:20:21,false,"Cardio","0.00","284","00:29:40","145","173","0","0","--","--","--","--","0.00","0.0","0.0","0","0","0","0.0","0","0","0.0","0.0","0","0","0","0:00","0.0","0:00","No","29:39.91.3","1","0.0","00:00:00","00:29:40","127","127"
Walking,2022-05-09 10:36:50,false,"Folsom Walking","1.01","169","00:19:03","136","160","111","199","18:57","8:51","121","23","0.77","0.0","0.0","0","0","0","0.0","0","0","0.0","0.0","0","0","0","0:00","0.0","0:00","No","00:06.24.5","2","0.0","00:14:25","00:19:03","106","145"
Cycling,2022-05-07 14:34:04,false,"South Lake Tahoe Cycling","2.15","124","00:15:17","127","149","0","0","8.4","13.8","62","125","0.00","0.0","0.0","0","0","0","0.0","0","0","0.0","0.0","0","0","0","0:00","0.0","0:00","No","15:17.40.6","1","0.0","00:14:53","00:15:17","6,226","6,276"
Walking,2022-05-07 10:05:10,false,"El Dorado County Walking","7.67","1,293","03:43:46","125","171","82","249","29:09","9:31","1,611","1,470","0.68","0.0","0.0","0","0","0","0.0","0","0","0.0","0.0","0","0","0","0:00","0.0","0:00","No","15:28.80.2","8","0.0","03:06:30","03:45:53","6,557","7,883"
Walking,2022-05-06 15:20:45,false,"El Dorado County Walking","2.81","314","01:06:53","116","137","90","126","23:48","9:29","472","180","0.75","0.0","0.0","0","0","0","0.0","0","0","0.0","0.0","0","0","0","0:00","0.0","0:00","No","19:11.06.8","3","0.0","01:01:48","01:06:53","6,294","6,413"
Cardio,2022-05-02 16:22:16,false,"Cardio","0.00","171","00:20:22","130","162","0","0","--","--","--","--","0.00","0.0","0.0","0","0","0","0.0","0","0","0.0","0.0","0","0","0","0:00","0.0","0:00","No","20:21.81.2","1","0.0","00:00:00","00:20:22","80","96"
Walking,2022-04-29 10:27:34,false,"Folsom Walking","1.68","246","00:26:17","143","173","112","234","15:40","9:29","112","59","0.92","0.0","0.0","0","0","0","0.0","0","0","0.0","0.0","0","0","0","0:00","0.0","0:00","No","11:24.31.7","2","0.0","00:21:17","00:26:17","151","192"
Walking,2022-04-27 10:48:06,false,"Folsom Walking","1.43","160","00:26:12","119","142","99","241","18:16","8:02","52","36","0.89","0.0","0.0","0","0","0","0.0","0","0","0.0","0.0","0","0","0","0:00","0.0","0:00","No","08:02.58.8","2","0.0","00:23:03","00:26:12","137","194"
Walking,2022-04-19 10:30:48,false,"Folsom Walking","1.71","242","00:33:16","128","163","80","243","19:28","7:44","49","98","1.04","0.0","0.0","0","0","0","0.0","0","0","0.0","0.0","0","0","0","0:00","0.0","0:00","No","15:10.77.8","2","0.0","00:18:31","00:33:16","180","241"
Cardio,2022-04-18 12:42:42,false,"Cardio","0.00","116","00:11:52","143","169","0","0","--","--","--","--","0.00","0.0","0.0","0","0","0","0.0","0","0","0.0","0.0","0","0","0","0:00","0.0","0:00","No","11:51.92.4","1","0.0","00:00:00","00:11:52","257","258"
Walking,2022-04-17 09:44:51,false,"Placer County Walking","4.33","462","01:42:34","110","135","89","235","23:40","11:59","390","217","0.76","0.0","0.0","0","0","0","0.0","0","0","0.0","0.0","0","0","0","0:00","0.0","0:00","No","08:15.52.2","5","0.0","01:31:44","01:42:34","461","544"
Cardio,2022-04-15 16:14:14,false,"Cardio","0.00","158","00:18:56","128","159","0","0","--","--","--","--","0.00","0.0","0.0","0","0","0","0.0","0","0","0.0","0.0","0","0","0","0:00","0.0","0:00","No","18:55.58.3","1","0.0","00:00:00","00:18:56","162","162"
Walking,2022-04-15 10:43:14,false,"Folsom Walking","1.83","241","00:27:17","140","165","113","225","14:54","8:26","157","43","0.97","0.0","0.0","0","0","0","0.0","0","0","0.0","0.0","0","0","0","0:00","0.0","0:00","No","13:20.52.3","2","0.0","00:23:15","00:27:17","141","209"
Cardio,2022-04-14 13:44:23,false,"Cardio","0.00","202","00:20:45","143","163","0","0","--","--","--","--","0.00","0.0","0.0","0","0","0","0.0","0","0","0.0","0.0","0","0","0","0:00","0.0","0:00","No","20:45.36.4","1","0.0","00:00:00","00:20:45","43","45"
Walking,2022-04-13 09:33:32,false,"Folsom Walking","1.66","193","00:29:13","123","146","101","249","17:37","6:54","59","43","0.91","0.0","0.0","0","0","0","0.0","0","0","0.0","0.0","0","0","0","0:00","0.0","0:00","No","10:46.31.5","2","0.0","00:25:43","00:29:13","66","116"
Cardio,2022-04-12 11:45:29,false,"Cardio","0.00","59","00:06:33.1","138","161","0","0","--","--","--","--","0.00","0.0","0.0","0","0","0","0.0","0","0","0.0","0.0","0","0","0","0:00","0.0","0:00","No","06:33.08.7","1","0.0","00:00:00","00:06:33.1","91","99"
Walking,2022-04-12 08:57:51,false,"Folsom Walking","1.05","150","00:22:52","124","138","99","247","21:42","6:17","66","13","0.75","0.0","0.0","0","0","0","0.0","0","0","0.0","0.0","0","0","0","0:00","0.0","0:00","No","00:48.37","2","0.0","00:18:54","00:22:52","81","142"
Walking,2022-04-08 10:11:53,false,"Folsom Walking","1.17","163","00:25:42","121","145","87","230","21:59","8:46","66","43","0.85","0.0","0.0","0","0","0","0.0","0","0","0.0","0.0","0","0","0","0:00","0.0","0:00","No","04:02.65.2","2","0.0","00:20:08","00:25:42","196","230"
Cardio,2022-04-07 12:25:13,false,"Cardio","0.00","228","00:22:50","148","169","0","0","--","--","--","--","0.00","0.0","0.0","0","0","0","0.0","0","0","0.0","0.0","0","0","0","0:00","0.0","0:00","No","22:50.16.2","1","0.0","00:00:00","00:22:50","198","198"
Walking,2022-04-07 11:09:44,false,"Folsom Walking","1.00","155","00:17:42","134","155","111","235","17:38","6:27","52","69","0.83","0.0","0.0","0","0","0","0.0","0","0","0.0","0.0","0","0","0","0:00","0.0","0:00","No","00:12.82.8","2","0.0","00:14:11","00:17:42","170","224"
Walking,2022-04-06 18:22:48,false,"Folsom Walking","1.52","176","00:34:22","111","130","79","164","22:34","8:59","230","43","0.91","0.0","0.0","0","0","0","0.0","0","0","0.0","0.0","0","0","0","0:00","0.0","0:00","No","13:10.29.4","2","0.0","00:28:21","00:34:22","189","220"
Cardio,2022-04-06 11:25:38,false,"Cardio","0.00","164","00:18:02","134","161","0","0","--","--","--","--","0.00","0.0","0.0","0","0","0","0.0","0","0","0.0","0.0","0","0","0","0:00","0.0","0:00","No","18:02.48.8","1","0.0","00:00:00","00:18:02","33","33"
Walking,2022-04-05 10:40:59,false,"Folsom Walking","1.82","201","00:21:06","147","167","131","244","11:36","7:54","66","30","1.06","0.0","0.0","0","0","0","0.0","0","0","0.0","0.0","0","0","0","0:00","0.0","0:00","No","09:53.76","2","0.0","00:20:41","00:21:06","20","87"
Cardio,2022-04-03 13:01:00,false,"Cardio","0.00","261","00:28:00","145","180","0","0","--","--","--","--","0.00","0.0","0.0","0","0","0","0.0","0","0","0.0","0.0","0","0","0","0:00","0.0","0:00","No","27:59.76","1","0.0","00:00:00","00:28:00","103","121"
Walking,2022-04-03 09:07:16,false,"Folsom Walking","1.61","221","00:32:54","122","162","87","244","20:23","7:32","23","92","0.90","0.0","0.0","0","0","0","0.0","0","0","0.0","0.0","0","0","0","0:00","0.0","0:00","No","11:15.44.8","2","0.0","00:24:26","00:32:54","104","133"
Walking,2022-04-02 08:50:27,false,"Folsom Walking","2.09","263","00:46:43","117","140","86","241","22:18","7:39","79","135","0.84","0.0","0.0","0","0","0","0.0","0","0","0.0","0.0","0","0","0","0:00","0.0","0:00","No","03:07.50.1","3","0.0","00:35:43","00:46:43","166","243"
Walking,2022-04-01 10:34:57,false,"Folsom Walking","1.32","155","00:25:22","118","141","93","249","19:11","8:11","36","43","0.90","0.0","0.0","0","0","0","0.0","0","0","0.0","0.0","0","0","0","0:00","0.0","0:00","No","06:00.30.8","2","0.0","00:23:10","00:25:22","184","230"
Cardio,2022-03-31 17:56:47,false,"Cardio","0.00","257","00:28:49","136","175","0","0","--","--","--","--","0.00","0.0","0.0","0","0","0","0.0","0","0","0.0","0.0","0","0","0","0:00","0.0","0:00","No","28:49.15.5","1","0.0","00:00:00","00:28:49","257","277"
Cardio,2022-03-29 17:13:51,false,"Cardio","0.00","206","00:22:55","137","173","0","0","--","--","--","--","0.00","0.0","0.0","0","0","0","0.0","0","0","0.0","0.0","0","0","0","0:00","0.0","0:00","No","22:54.90","1","0.0","00:00:00","00:22:55","224","240"
Walking,2022-03-27 09:40:14,false,"Placer County Walking","3.10","370","01:10:45","116","155","91","243","22:50","11:03","328","312","0.78","0.0","0.0","0","0","0","0.0","0","0","0.0","0.0","0","0","0","0:00","0.0","0:00","No","01:54.71.9","4","0.0","01:02:55","01:10:45","322","467"
Walking,2022-03-27 08:24:59,false,"Placer County Walking","2.88","360","01:12:13","115","144","84","235","25:04","9:27","220","653","0.76","0.0","0.0","0","0","0","0.0","0","0","0.0","0.0","0","0","0","0:00","0.0","0:00","No","21:07.87.3","3","0.0","00:57:02","01:14:29","349","480"
Cycling,2022-03-26 10:32:41,false,"Placer County Cycling","7.31","1,009","02:10:45","142","176","0","0","3.4","19.6","1,457","1,079","0.00","0.0","0.0","0","0","0","0.0","0","0","0.0","0.0","0","0","0","0:00","0.0","0:00","No","31:35.98.5","2","0.0","01:29:06","02:10:45","844","1,880"
Cardio,2022-03-23 12:40:46,false,"Cardio","0.00","283","00:29:15","143","170","0","0","--","--","--","--","0.00","0.0","0.0","0","0","0","0.0","0","0","0.0","0.0","0","0","0","0:00","0.0","0:00","No","29:14.84.7","1","0.0","00:00:00","00:29:15","127","132"
Cardio,2022-03-22 12:04:09,false,"Cardio","0.00","296","00:39:45","130","166","0","0","--","--","--","--","0.00","0.0","0.0","0","0","0","0.0","0","0","0.0","0.0","0","0","0","0:00","0.0","0:00","No","39:45.08","1","0.0","00:00:00","00:39:45","183","198"
Walking,2022-03-22 11:07:56,false,"Folsom Walking","2.00","270","00:30:03","143","178","115","238","15:00","9:09","112","72","0.94","0.0","0.0","0","0","0","0.0","0","0","0.0","0.0","0","0","0","0:00","0.0","0:00","No","00:06.66.2","3","0.0","00:26:20","00:30:03","188","242"
Cardio,2022-03-21 12:59:55,false,"Cardio","0.00","243","00:28:45","131","178","0","0","--","--","--","--","0.00","0.0","0.0","0","0","0","0.0","0","0","0.0","0.0","0","0","0","0:00","0.0","0:00","No","28:44.77.9","1","0.0","00:00:00","00:28:45","179","179"
Walking,2022-03-21 12:39:29,false,"Folsom Walking","0.93","137","00:14:32","138","162","117","247","15:39","5:38","33","30","0.88","0.0","0.0","0","0","0","0.0","0","0","0.0","0.0","0","0","0","0:00","0.0","0:00","No","14:31.58.8","1","0.0","00:11:08","00:14:32","153","182"
Cardio,2022-03-18 16:42:35,false,"Cardio","0.00","189","00:20:27","138","172","0","0","--","--","--","--","0.00","0.0","0.0","0","0","0","0.0","0","0","0.0","0.0","0","0","0","0:00","0.0","0:00","No","20:27.38.6","1","0.0","00:00:00","00:20:27","293","305"
Walking,2022-03-18 11:54:47,false,"Folsom Walking","1.48","229","00:29:43","128","158","94","178","20:03","8:11","82","26","0.89","0.0","0.0","0","0","0","0.0","0","0","0.0","0.0","0","0","0","0:00","0.0","0:00","No","12:35.03.3","2","0.0","00:19:20","00:29:43","205","260"
Cardio,2022-03-17 13:21:31,false,"Cardio","0.00","301","00:30:16","144","171","0","0","--","--","--","--","0.00","0.0","0.0","0","0","0","0.0","0","0","0.0","0.0","0","0","0","0:00","0.0","0:00","No","30:16.10.8","1","0.0","00:00:00","00:30:16","207","207"
Cardio,2022-03-16 18:17:54,false,"Cardio","0.00","178","00:21:58","132","162","0","0","--","--","--","--","0.00","0.0","0.0","0","0","0","0.0","0","0","0.0","0.0","0","0","0","0:00","0.0","0:00","No","21:58.34.7","1","0.0","00:00:00","00:22:25","235","246"
Cardio,2022-03-15 12:54:48,false,"Cardio","0.00","215","00:19:49","156","175","0","0","--","--","--","--","0.00","0.0","0.0","0","0","0","0.0","0","0","0.0","0.0","0","0","0","0:00","0.0","0:00","No","05:45.86.1","2","0.0","00:00:00","00:19:51","184","184"
Walking,2022-03-15 12:25:53,false,"Folsom Walking","1.60","211","00:27:55","134","165","96","244","17:26","5:51","66","56","0.98","0.0","0.0","0","0","0","0.0","0","0","0.0","0.0","0","0","0","0:00","0.0","0:00","No","12:59.51","2","0.0","00:20:16","00:27:55","156","213"
Walking,2022-03-14 12:22:04,false,"Folsom Walking","1.19","128","00:22:04","117","131","107","246","18:29","8:32","164","20","0.81","0.0","0.0","0","0","0","0.0","0","0","0.0","0.0","0","0","0","0:00","0.0","0:00","No","03:38.15.2","2","0.0","00:20:37","00:22:04","157","227"
Walking,2022-03-13 12:28:22,false,"South Lake Tahoe Walking","5.03","595","02:19:55","111","128","69","249","27:49","6:58","108","217","0.86","0.0","0.0","0","0","0","0.0","0","0","0.0","0.0","0","0","0","0:00","0.0","0:00","No","01:16.88.3","6","0.0","01:53:23","02:19:55","6,147","6,215"
Walking,2022-03-12 11:27:18,false,"El Dorado County Walking","2.05","375","01:08:04","119","146","64","225","33:12","11:16","456","180","0.76","0.0","0.0","0","0","0","0.0","0","0","0.0","0.0","0","0","0","0:00","0.0","0:00","No","02:38.50.3","3","0.0","00:49:21","01:08:04","6,549","6,709"
Cardio,2022-03-04 15:59:03,false,"Cardio","0.00","283","00:33:57","130","160","0","0","--","--","--","--","0.00","0.0","0.0","0","0","0","0.0","0","0","0.0","0.0","0","0","0","0:00","0.0","0:00","No","33:57.16.8","1","0.0","00:00:00","00:35:03","184","187"
Walking,2022-03-04 12:16:34,false,"Folsom Walking","1.49","222","00:22:06","144","173","123","230","14:52","7:42","230","23","0.87","0.0","0.0","0","0","0","0.0","0","0","0.0","0.0","0","0","0","0:00","0.0","0:00","No","05:11.55.3","2","0.0","00:17:25","00:22:06","150","205"
Cardio,2022-03-02 14:57:13,false,"Cardio","0.00","34","00:03:42.6","138","161","0","0","--","--","--","--","0.00","0.0","0.0","0","0","0","0.0","0","0","0.0","0.0","0","0","0","0:00","0.0","0:00","No","03:42.63","1","0.0","00:00:00","00:03:42.6","18","18"
Cardio,2022-03-02 14:29:20,false,"Cardio","0.00","21","00:02:09.9","137","153","0","0","--","--","--","--","0.00","0.0","0.0","0","0","0","0.0","0","0","0.0","0.0","0","0","0","0:00","0.0","0:00","No","02:09.87.6","1","0.0","00:00:00","00:02:09.9","11","11"
Walking,2022-02-27 10:07:50,false,"Cobano Walking","1.38","176","00:38:43","111","133","71","156","28:07","19:33","75","154","0.82","0.0","0.0","0","0","0","0.0","0","0","0.0","0.0","0","0","0","0:00","0.0","0:00","No","13:10.95.3","2","0.0","00:34:18","00:38:43","150","196"
Walking,2022-02-25 17:48:30,false,"Cobano Walking","1.52","180","00:39:32","106","129","77","195","25:56","5:05","853","62","0.81","0.0","0.0","0","0","0","0.0","0","0","0.0","0.0","0","0","0","0:00","0.0","0:00","No","13:00.61.7","2","0.0","00:34:54","00:39:32","123","274"
Walking,2022-02-23 11:40:41,false,"Walking","0.94","107","00:19:34","115","127","91","149","20:53","11:16","13","10","0.84","0.0","0.0","0","0","0","0.0","0","0","0.0","0.0","0","0","0","0:00","0.0","0:00","No","19:33.98.4","1","0.0","00:15:35","00:19:34","2,225","2,246"
Running,2022-02-20 12:06:34,false,"Running","3.66","440","00:39:06","159","179","155","172","10:42","6:54","131","95","0.97","0.0","0.0","0","0","0","0.0","0","0","0.0","0.0","0","0","0","0:00","0.0","0:00","No","06:10.18.7","4","0.0","00:38:21","00:39:06","232","297"
Cardio,2022-02-18 12:39:08,false,"Cardio","0.00","223","00:26:19","129","183","0","0","--","--","--","--","0.00","0.0","0.0","0","0","0","0.0","0","0","0.0","0.0","0","0","0","0:00","0.0","0:00","No","26:19.00","1","0.0","00:00:00","00:26:19","187","187"
Walking,2022-02-18 11:48:36,false,"Folsom Walking","1.87","244","00:31:27","132","173","93","177","16:48","1:46","180","52","1.05","0.0","0.0","0","0","0","0.0","0","0","0.0","0.0","0","0","0","0:00","0.0","0:00","No","13:48.37.7","2","0.0","00:22:35","00:31:27","144","190"
Cardio,2022-02-17 13:42:48,false,"Cardio","0.00","212","00:22:06","140","161","0","0","--","--","--","--","0.00","0.0","0.0","0","0","0","0.0","0","0","0.0","0.0","0","0","0","0:00","0.0","0:00","No","22:05.73.9","1","0.0","00:00:00","00:22:06","4","44"
Cardio,2022-02-15 17:59:26,false,"Cardio","0.00","287","00:31:38","135","173","0","0","--","--","--","--","0.00","0.0","0.0","0","0","0","0.0","0","0","0.0","0.0","0","0","0","0:00","0.0","0:00","No","31:37.56.2","1","0.0","00:00:00","00:31:38","156","169"
Cardio,2022-02-14 12:15:25,false,"Cardio","0.00","280","00:31:32","137","163","0","0","--","--","--","--","0.00","0.0","0.0","0","0","0","0.0","0","0","0.0","0.0","0","0","0","0:00","0.0","0:00","No","31:31.83.4","1","0.0","00:00:00","00:31:32","213","228"
Cycling,2022-02-13 10:50:56,false,"Placer County Cycling","9.02","1,047","01:44:44","151","180","0","0","5.2","16.4","653","636","0.00","0.0","0.0","0","0","0","0.0","0","0","0.0","0.0","0","0","0","0:00","0.0","0:00","No","35:29.45.2","2","0.0","01:27:53","01:44:44","552","701"
Cardio,2022-02-10 12:32:37,false,"Cardio","0.00","260","00:29:22","133","165","0","0","--","--","--","--","0.00","0.0","0.0","0","0","0","0.0","0","0","0.0","0.0","0","0","0","0:00","0.0","0:00","No","00:06.21.7","2","0.0","00:00:00","00:29:22","360","379"
Walking,2022-02-10 11:31:41,false,"Folsom Walking","1.08","196","00:23:41","135","166","86","228","22:01","2:55","367","30","1.28","0.0","0.0","0","0","0","0.0","0","0","0.0","0.0","0","0","0","0:00","0.0","0:00","No","06:33.08.9","2","0.0","00:14:20","00:23:41","327","373"
Walking,2022-02-09 09:45:27,false,"Folsom Walking","1.51","198","00:18:54","152","165","142","248","12:32","7:30","89","36","0.90","0.0","0.0","0","0","0","0.0","0","0","0.0","0.0","0","0","0","0:00","0.0","0:00","No","07:12.68.3","2","0.0","00:16:51","00:18:54","49","118"
Cardio,2022-02-08 16:58:04,false,"Cardio","0.00","68","00:07:49.4","127","142","0","0","--","--","--","--","0.00","0.0","0.0","0","0","0","0.0","0","0","0.0","0.0","0","0","0","0:00","0.0","0:00","No","07:49.44.6","1","0.0","00:00:00","00:07:49.4","89","102"
Cardio,2022-02-08 15:09:27,false,"Cardio","0.00","196","00:19:25","144","173","0","0","--","--","--","--","0.00","0.0","0.0","0","0","0","0.0","0","0","0.0","0.0","0","0","0","0:00","0.0","0:00","No","19:24.65.7","1","0.0","00:00:00","00:19:25","80","93"
Cardio,2022-02-07 17:01:17,false,"Cardio","0.00","287","00:32:42","134","159","0","0","--","--","--","--","0.00","0.0","0.0","0","0","0","0.0","0","0","0.0","0.0","0","0","0","0:00","0.0","0:00","No","32:41.50.1","1","0.0","00:00:00","00:33:17","72","72"
Walking,2022-02-05 13:43:38,false,"Yorba Linda Walking","1.58","133","00:25:33","108","131","113","241","16:13","6:09","75","95","0.88","0.0","0.0","0","0","0","0.0","0","0","0.0","0.0","0","0","0","0:00","0.0","0:00","No","10:16.71.3","2","0.0","00:25:22","00:25:33","293","366"
Walking,2022-02-03 11:25:33,false,"Folsom Walking","1.75","270","00:29:54","138","168","107","175","17:04","7:17","62","161","0.89","0.0","0.0","0","0","0","0.0","0","0","0.0","0.0","0","0","0","0:00","0.0","0:00","No","12:12.71.5","2","0.0","00:23:51","00:29:54","45","99"
Cardio,2022-02-02 13:19:05,false,"Cardio","0.00","212","00:20:56","145","175","0","0","--","--","--","--","0.00","0.0","0.0","0","0","0","0.0","0","0","0.0","0.0","0","0","0","0:00","0.0","0:00","No","20:55.79.1","1","0.0","00:00:00","00:20:56","172","211"
Walking,2022-02-01 12:10:06,false,"Folsom Walking","1.31","183","00:18:13","148","171","131","189","13:53","1:49","56","23","0.89","0.0","0.0","0","0","0","0.0","0","0","0.0","0.0","0","0","0","0:00","0.0","0:00","No","05:25.66.5","2","0.0","00:15:49","00:18:13","179","233"
Cardio,2022-01-31 17:16:41,false,"Cardio","0.00","284","00:32:19","134","175","0","0","--","--","--","--","0.00","0.0","0.0","0","0","0","0.0","0","0","0.0","0.0","0","0","0","0:00","0.0","0:00","No","32:18.71.3","1","0.0","00:00:00","00:32:19","231","231"
Walking,2022-01-31 11:59:34,false,"Folsom Walking","2.02","253","00:32:27","136","169","93","185","16:05","2:56","98","59","1.15","0.0","0.0","0","0","0","0.0","0","0","0.0","0.0","0","0","0","0:00","0.0","0:00","No","00:04.87.5","3","0.0","00:22:14","00:32:27","186","249"
Walking,2022-01-29 09:44:29,false,"Folsom Walking","2.78","388","00:46:29","136","166","100","225","16:43","7:23","52","108","0.97","0.0","0.0","0","0","0","0.0","0","0","0.0","0.0","0","0","0","0:00","0.0","0:00","No","10:46.38.5","3","0.0","00:35:57","00:46:29","172","213"
Running,2022-01-28 11:22:26,false,"Folsom Running","1.90","272","00:28:47","143","173","112","222","15:11","8:09","115","26","0.95","0.0","0.0","0","0","0","0.0","0","0","0.0","0.0","0","0","0","0:00","0.0","0:00","No","13:09.24.7","2","0.0","00:22:55","00:28:47","207","270"
Cardio,2022-01-27 18:55:34,false,"Cardio","0.00","251","00:31:04","126","153","0","0","--","--","--","--","0.00","0.0","0.0","0","0","0","0.0","0","0","0.0","0.0","0","0","0","0:00","0.0","0:00","No","31:03.94.8","1","0.0","00:00:00","00:31:04","203","203"
Running,2022-01-27 12:11:41,false,"Folsom Running","1.71","237","00:33:26","122","168","91","231","19:36","8:10","52","62","0.90","0.0","0.0","0","0","0","0.0","0","0","0.0","0.0","0","0","0","0:00","0.0","0:00","No","12:13.61.2","2","0.0","00:23:47","00:33:26","183","232"
Cardio,2022-01-26 12:19:57,false,"Cardio","0.00","296","00:31:47","138","168","0","0","--","--","--","--","0.00","0.0","0.0","0","0","0","0.0","0","0","0.0","0.0","0","0","0","0:00","0.0","0:00","No","31:47.15","1","0.0","00:00:00","00:31:47","281","297"
Walking,2022-01-26 11:18:59,false,"Folsom Walking","1.00","154","00:23:40","118","160","72","177","23:37","8:23","118","30","0.95","0.0","0.0","0","0","0","0.0","0","0","0.0","0.0","0","0","0","0:00","0.0","0:00","No","00:07.27.8","2","0.0","00:14:36","00:23:40","226","279"
Cardio,2022-01-25 13:49:38,false,"Cardio","0.00","74","00:07:40.3","138","157","0","0","--","--","--","--","0.00","0.0","0.0","0","0","0","0.0","0","0","0.0","0.0","0","0","0","0:00","0.0","0:00","No","07:40.29.4","1","0.0","00:00:00","00:07:40.3","180","194"
Cardio,2022-01-25 13:25:19,false,"Cardio","0.00","43","00:05:25.9","120","137","0","0","--","--","--","--","0.00","0.0","0.0","0","0","0","0.0","0","0","0.0","0.0","0","0","0","0:00","0.0","0:00","No","05:25.94.9","1","0.0","00:00:00","00:05:25.9","183","183"
Walking,2022-01-25 11:23:45,false,"Folsom Walking","2.18","290","00:31:43","145","171","116","241","14:34","5:59","194","66","0.97","0.0","0.0","0","0","0","0.0","0","0","0.0","0.0","0","0","0","0:00","0.0","0:00","No","04:24.02.6","3","0.0","00:25:45","00:31:43","108","216"
Running,2022-01-24 12:49:31,false,"Folsom Running","1.92","264","00:29:56","140","171","113","244","15:33","1:16","56","256","0.92","0.0","0.0","0","0","0","0.0","0","0","0.0","0.0","0","0","0","0:00","0.0","0:00","No","14:51.60.7","2","0.0","00:23:46","00:29:56","25","81"
Walking,2022-01-22 09:22:41,false,"Folsom Walking","2.43","302","01:02:49","112","138","72","241","25:49","7:35","315","75","0.91","0.0","0.0","0","0","0","0.0","0","0","0.0","0.0","0","0","0","0:00","0.0","0:00","No","18:40.57.3","3","0.0","00:42:53","01:02:49","130","180"
Walking,2022-01-21 10:05:38,false,"Folsom Walking","1.13","147","00:24:35","112","152","78","183","21:47","7:41","105","525","1.06","0.0","0.0","0","0","0","0.0","0","0","0.0","0.0","0","0","0","0:00","0.0","0:00","No","06:18.66.2","2","0.0","00:16:38","00:24:35","-108","-35"
Cardio,2022-01-20 18:16:12,false,"Cardio","0.00","135","00:14:10","137","158","0","0","--","--","--","--","0.00","0.0","0.0","0","0","0","0.0","0","0","0.0","0.0","0","0","0","0:00","0.0","0:00","No","14:10.31.4","1","0.0","00:00:00","00:14:10","290","295"
Walking,2022-01-20 17:10:13,false,"Folsom Walking","1.88","264","00:29:29","141","178","108","179","15:41","5:50","102","23","0.95","0.0","0.0","0","0","0","0.0","0","0","0.0","0.0","0","0","0","0:00","0.0","0:00","No","14:01.62.5","2","0.0","00:23:25","00:29:29","230","305"
Cardio,2022-01-19 11:59:23,false,"Cardio","0.00","288","00:32:31","136","164","0","0","--","--","--","--","0.00","0.0","0.0","0","0","0","0.0","0","0","0.0","0.0","0","0","0","0:00","0.0","0:00","No","32:31.12.5","1","0.0","00:00:00","00:32:31","236","243"
Walking,2022-01-18 12:41:02,false,"Folsom Walking","2.03","299","00:33:50","138","163","96","228","16:40","6:13","89","59","1.01","0.0","0.0","0","0","0","0.0","0","0","0.0","0.0","0","0","0","0:00","0.0","0:00","No","00:37.45","3","0.0","00:25:31","00:33:50","189","255"
Cardio,2022-01-17 16:58:26,false,"Cardio","0.00","283","00:35:44","128","163","0","0","--","--","--","--","0.00","0.0","0.0","0","0","0","0.0","0","0","0.0","0.0","0","0","0","0:00","0.0","0:00","No","35:44.24.1","1","0.0","00:00:00","00:35:44","205","217"
Walking,2022-01-17 08:13:38,false,"Placer County Walking","2.06","141","00:30:38","107","126","70","157","14:51","1:10","118","233","0.84","0.0","0.0","0","0","0","0.0","0","0","0.0","0.0","0","0","0","0:00","0.0","0:00","No","00:04.28.5","3","0.0","00:23:14","00:30:38","402","491"
Cardio,2022-01-16 16:29:38,false,"Cardio","0.00","288","00:33:45","133","194","0","0","--","--","--","--","0.00","0.0","0.0","0","0","0","0.0","0","0","0.0","0.0","0","0","0","0:00","0.0","0:00","No","33:44.53.1","1","0.0","00:00:00","00:33:45","311","312"
Walking,2022-01-15 09:49:31,false,"Folsom Walking","1.36","174","00:28:00","119","144","99","241","20:38","8:20","558","20","0.79","0.0","0.0","0","0","0","0.0","0","0","0.0","0.0","0","0","0","0:00","0.0","0:00","No","06:52.95","2","0.0","00:25:32","00:28:00","122","161"
Walking,2022-01-14 13:11:06,false,"Folsom Walking","2.16","226","00:52:01","109","133","88","225","24:03","16:31","79","607","0.77","0.0","0.0","0","0","0","0.0","0","0","0.0","0.0","0","0","0","0:00","0.0","0:00","No","03:57.51.1","3","0.0","00:48:39","00:52:01","-442","-383"
Running,2022-01-13 12:35:30,false,"Folsom Running","1.13","155","00:16:12","142","170","124","181","14:17","9:43","59","79","0.91","0.0","0.0","0","0","0","0.0","0","0","0.0","0.0","0","0","0","0:00","0.0","0:00","No","02:19.82.2","2","0.0","00:14:15","00:16:12","112","169"
Cardio,2022-01-12 11:54:15,false,"Cardio","0.00","288","00:30:31","143","182","0","0","--","--","--","--","0.00","0.0","0.0","0","0","0","0.0","0","0","0.0","0.0","0","0","0","0:00","0.0","0:00","No","30:31.20.3","1","0.0","00:00:00","00:30:31","199","199"
Cycling,2022-01-12 11:11:54,false,"Folsom Cycling","1.71","206","00:21:22","140","171","0","0","4.8","9.1","194","49","0.00","0.0","0.0","0","0","0","0.0","0","0","0.0","0.0","0","0","0","0:00","0.0","0:00","No","21:21.95.2","1","0.0","00:19:36","00:21:22","158","217"
Cardio,2022-01-11 12:22:44,false,"Cardio","0.00","195","00:20:52","136","157","0","0","--","--","--","--","0.00","0.0","0.0","0","0","0","0.0","0","0","0.0","0.0","0","0","0","0:00","0.0","0:00","No","20:52.26.4","1","0.0","00:00:00","00:20:52","32","47"
Cycling,2022-01-11 11:18:59,false,"Folsom Cycling","1.02","198","00:18:24","152","173","0","0","3.3","7.2","79","367","0.00","0.0","0.0","0","0","0","0.0","0","0","0.0","0.0","0","0","0","0:00","0.0","0:00","No","18:24.46.8","1","0.0","00:12:39","00:18:24","-7","96"
Walking,2022-01-10 11:30:14,false,"Folsom Walking","1.24","181","00:22:40","134","168","111","247","18:14","7:21","299","16","0.79","0.0","0.0","0","0","0","0.0","0","0","0.0","0.0","0","0","0","0:00","0.0","0:00","No","04:32.00.2","2","0.0","00:18:49","00:22:40","329","376"
Walking,2022-01-09 08:59:10,false,"Folsom Walking","1.97","191","00:41:16","95","116","101","146","20:54","12:57","43","184","0.76","0.0","0.0","0","0","0","0.0","0","0","0.0","0.0","0","0","0","0:00","0.0","0:00","No","19:53.21.1","2","0.0","00:38:01","00:41:16","115","162"
Cardio,2022-01-07 11:58:54,false,"Cardio","0.00","191","00:21:35","132","160","0","0","--","--","--","--","0.00","0.0","0.0","0","0","0","0.0","0","0","0.0","0.0","0","0","0","0:00","0.0","0:00","No","21:35.41.1","1","0.0","00:00:00","00:21:35","335","345"
Cardio,2022-01-05 12:40:34,false,"Cardio","0.00","178","00:16:56","150","177","0","0","--","--","--","--","0.00","0.0","0.0","0","0","0","0.0","0","0","0.0","0.0","0","0","0","0:00","0.0","0:00","No","16:55.89","1","0.0","00:00:00","00:16:56","181","209"
Running,2022-01-05 11:12:56,false,"Folsom Running","1.22","168","00:19:00","134","161","133","171","15:32","8:51","72","43","0.77","0.0","0.0","0","0","0","0.0","0","0","0.0","0.0","0","0","0","0:00","0.0","0:00","No","02:31.91.6","2","0.0","00:15:29","00:19:00","142","217"
Cardio,2022-01-04 12:17:39,false,"Cardio","0.00","231","00:26:12","134","159","0","0","--","--","--","--","0.00","0.0","0.0","0","0","0","0.0","0","0","0.0","0.0","0","0","0","0:00","0.0","0:00","No","26:11.52.2","1","0.0","00:00:00","00:26:12","119","136"
Cardio,2021-12-27 17:21:12,false,"Cardio","0.00","198","00:21:20","137","176","0","0","--","--","--","--","0.00","0.0","0.0","0","0","0","0.0","0","0","0.0","0.0","0","0","0","0:00","0.0","0:00","No","21:20.19.6","1","0.0","00:00:00","00:21:20","220","232"
Running,2021-12-26 09:15:56,false,"Folsom Running","2.62","318","00:38:01","138","166","96","244","14:31","1:35","118","89","2.32","0.0","0.0","0","0","0","0.0","0","0","0.0","0.0","0","0","0","0:00","0.0","0:00","No","09:19.91.8","3","0.0","00:29:47","00:38:01","241","314"
Cardio,2021-12-21 15:18:32,false,"Cardio","0.00","264","00:29:01","137","166","0","0","--","--","--","--","0.00","0.0","0.0","0","0","0","0.0","0","0","0.0","0.0","0","0","0","0:00","0.0","0:00","No","29:01.04.7","1","0.0","00:00:00","00:29:01","283","305"
Cardio,2021-12-20 13:21:58,false,"Cardio","0.00","294","00:30:18","140","167","0","0","--","--","--","--","0.00","0.0","0.0","0","0","0","0.0","0","0","0.0","0.0","0","0","0","0:00","0.0","0:00","No","30:17.87.8","1","0.0","00:00:00","00:30:18","326","341"
Running,2021-12-20 11:23:04,false,"Folsom Running","1.63","230","00:24:23","136","152","128","179","14:56","7:58","72","36","0.84","0.0","0.0","0","0","0","0.0","0","0","0.0","0.0","0","0","0","0:00","0.0","0:00","No","09:37.80.7","2","0.0","00:19:03","00:24:23","255","321"
Running,2021-12-16 11:21:57,false,"Folsom Running","1.88","270","00:27:53","147","177","117","244","14:52","7:02","230","92","0.93","0.0","0.0","0","0","0","0.0","0","0","0.0","0.0","0","0","0","0:00","0.0","0:00","No","12:36.13.5","2","0.0","00:21:42","00:27:53","341","403"
Running,2021-12-15 10:20:27,false,"Running","1.59","226","00:20:42","155","170","138","178","13:04","6:14","95","46","0.89","0.0","0.0","0","0","0","0.0","0","0","0.0","0.0","0","0","0","0:00","0.0","0:00","No","08:34.56.2","2","0.0","00:18:23","00:20:42","190","265"
Cardio,2021-12-13 11:41:11,false,"Cardio","0.00","233","00:29:32","127","159","0","0","--","--","--","--","0.00","0.0","0.0","0","0","0","0.0","0","0","0.0","0.0","0","0","0","0:00","0.0","0:00","No","29:32.23","1","0.0","00:00:00","00:29:32","258","275"
Cycling,2021-12-11 13:15:23,false,"Placer County Cycling","7.41","702","01:36:17","141","174","0","0","4.6","25.7","1,220","1,161","0.00","0.0","0.0","0","0","0","0.0","0","0","0.0","0.0","0","0","0","0:00","0.0","0:00","No","25:53.31.7","2","0.0","01:14:17","01:42:10","594","1,704"
Cardio,2021-12-08 12:08:34,false,"Cardio","0.00","262","00:29:34","134","165","0","0","--","--","--","--","0.00","0.0","0.0","0","0","0","0.0","0","0","0.0","0.0","0","0","0","0:00","0.0","0:00","No","29:34.27.6","1","0.0","00:00:00","00:30:27","228","228"
Running,2021-12-08 11:21:57,false,"Running","1.51","208","00:19:44","150","164","140","181","13:03","8:41","59","36","0.88","0.0","0.0","0","0","0","0.0","0","0","0.0","0.0","0","0","0","0:00","0.0","0:00","No","06:46.83.8","2","0.0","00:17:05","00:19:44","192","245"
Cardio,2021-12-07 11:24:56,false,"Cardio","0.00","267","00:29:24","136","169","0","0","--","--","--","--","0.00","0.0","0.0","0","0","0","0.0","0","0","0.0","0.0","0","0","0","0:00","0.0","0:00","No","29:24.43.9","1","0.0","00:00:00","00:29:41","217","228"
Cardio,2021-12-06 12:21:03,false,"Cardio","0.00","291","00:35:46","130","165","0","0","--","--","--","--","0.00","0.0","0.0","0","0","0","0.0","0","0","0.0","0.0","0","0","0","0:00","0.0","0:00","No","35:46.40.3","1","0.0","00:00:00","00:35:46","203","231"
Running,2021-12-06 09:03:47,false,"Folsom Running","1.72","242","00:25:51","143","169","113","177","15:03","7:54","89","36","0.95","0.0","0.0","0","0","0","0.0","0","0","0.0","0.0","0","0","0","0:00","0.0","0:00","No","12:29.79.6","2","0.0","00:21:10","00:25:51","154","215"
Cardio,2021-12-03 12:02:30,false,"Cardio","0.00","212","00:21:05","145","172","0","0","--","--","--","--","0.00","0.0","0.0","0","0","0","0.0","0","0","0.0","0.0","0","0","0","0:00","0.0","0:00","No","21:05.33.7","1","0.0","00:00:00","00:21:05","201","202"
Cardio,2021-12-01 12:14:45,false,"Cardio","0.00","236","00:29:30","129","164","0","0","--","--","--","--","0.00","0.0","0.0","0","0","0","0.0","0","0","0.0","0.0","0","0","0","0:00","0.0","0:00","No","29:29.83.3","1","0.0","00:00:00","00:29:30","110","110"
Running,2021-12-01 08:34:31,false,"Folsom Running","1.49","203","00:19:57","149","170","140","179","13:22","8:44","56","59","0.86","0.0","0.0","0","0","0","0.0","0","0","0.0","0.0","0","0","0","0:00","0.0","0:00","No","06:11.95.7","2","0.0","00:18:19","00:19:57","54","106"
Cardio,2021-11-28 18:05:42,false,"Cardio","0.00","246","00:29:36","128","164","0","0","--","--","--","--","0.00","0.0","0.0","0","0","0","0.0","0","0","0.0","0.0","0","0","0","0:00","0.0","0:00","No","29:36.44.7","1","0.0","00:00:00","00:29:36","45","45"
Cycling,2021-11-27 10:22:38,false,"Folsom Cycling","21.32","1,017","01:38:31","155","185","0","0","13.0","27.4","761","1,575","0.00","0.0","0.0","0","0","0","0.0","0","0","0.0","0.0","0","0","0","0:00","0.0","0:00","No","05:14.78.9","5","0.0","01:36:48","01:43:56","-108","256"
Cardio,2021-11-25 12:51:14,false,"Cardio","0.00","259","00:31:18","130","165","0","0","--","--","--","--","0.00","0.0","0.0","0","0","0","0.0","0","0","0.0","0.0","0","0","0","0:00","0.0","0:00","No","31:17.82.6","1","0.0","00:00:00","00:31:18","713","729"
Cardio,2021-11-24 12:20:30,false,"Cardio","0.00","260","00:32:36","127","162","0","0","--","--","--","--","0.00","0.0","0.0","0","0","0","0.0","0","0","0.0","0.0","0","0","0","0:00","0.0","0:00","No","32:36.20.3","1","0.0","00:00:00","00:32:36","665","677"
Running,2021-11-23 11:47:47,false,"Running","1.26","182","00:17:20","150","168","134","171","13:43","8:38","49","23","0.87","0.0","0.0","0","0","0","0.0","0","0","0.0","0.0","0","0","0","0:00","0.0","0:00","No","03:55.60.4","2","0.0","00:15:03","00:17:20","671","713"
